movie title,average_rating,number_of_ratings,movie_id,release date, unknown,Action,Adventure, Animation, Children's,Comedy ,Crime,Documentary, Drama ,Fantasy, Film-Noir,Horror,Musical, Mystery, Romance,Sci-Fi,Thriller,War,Western
101 Dalmatians (1996),2.908256880733945,109,225,27-11-1996,0,0,0,0,1,1,0,0,0,0,0,0,0,0,0,0,0,0,0
12 Angry Men (1957),4.344,125,178,01-01-1957,0,0,0,0,0,0,0,0,1,0,0,0,0,0,0,0,0,0,0
2 Days in the Valley (1996),3.225806451612903,93,1011,27-09-1996,0,0,0,0,0,0,1,0,0,0,0,0,0,0,0,0,0,0,0
"20,000 Leagues Under the Sea (1954)",3.5,72,141,01-01-1954,0,0,1,0,1,0,0,0,0,1,0,0,0,0,0,1,0,0,0
2001: A Space Odyssey (1968),3.969111969111969,259,135,01-01-1968,0,0,0,0,0,0,0,0,1,0,0,0,0,1,0,1,1,0,0
"39 Steps, The (1935)",4.0508474576271185,59,615,01-01-1935,0,0,0,0,0,0,0,0,0,0,0,0,0,0,0,0,1,0,0
Absolute Power (1997),3.37007874015748,127,291,14-02-1997,0,0,0,0,0,0,0,0,0,0,0,0,0,1,0,0,1,0,0
"Abyss, The (1989)",3.589403973509934,151,164,01-01-1989,0,1,1,0,0,0,0,0,0,0,0,0,0,0,0,1,1,0,0
Ace Ventura: Pet Detective (1994),3.0485436893203883,103,67,01-01-1994,0,0,0,0,0,1,0,0,0,0,0,0,0,0,0,0,0,0,0
Addams Family Values (1993),2.8160919540229883,87,386,01-01-1993,0,0,0,0,0,1,0,0,0,0,0,0,0,0,0,0,0,0,0
Addicted to Love (1997),3.1666666666666665,54,535,23-05-1997,0,0,0,0,0,1,0,0,0,0,0,0,0,0,1,0,0,0,0
"Adventures of Priscilla, Queen of the Desert, The (1994)",3.5945945945945947,111,382,01-01-1994,0,0,0,0,0,1,0,0,1,0,0,0,0,0,0,0,0,0,0
"Adventures of Robin Hood, The (1938)",3.791044776119403,67,491,01-01-1938,0,1,1,0,0,0,0,0,0,0,0,0,0,0,0,0,0,0,0
"African Queen, The (1951)",4.184210526315789,152,498,01-01-1951,0,1,1,0,0,0,0,0,0,0,0,0,0,0,1,0,0,1,0
"Age of Innocence, The (1993)",3.3846153846153846,65,387,01-01-1993,0,0,0,0,0,0,0,0,1,0,0,0,0,0,0,0,0,0,0
Air Force One (1997),3.6310904872389793,431,300,01-01-1997,0,1,0,0,0,0,0,0,0,0,0,0,0,0,0,0,1,0,0
Aladdin (1992),3.8127853881278537,219,95,01-01-1992,0,0,0,1,1,1,0,0,0,0,0,0,1,0,0,0,0,0,0
Alice in Wonderland (1951),3.6666666666666665,81,420,01-01-1951,0,0,0,1,1,0,0,0,0,0,0,0,1,0,0,0,0,0,0
Alien (1979),4.034364261168385,291,183,01-01-1979,0,1,0,0,0,0,0,0,0,0,0,1,0,0,0,1,1,0,0
Alien 3 (1992),2.83,100,665,01-01-1992,0,1,0,0,0,0,0,0,0,0,0,1,0,0,0,1,1,0,0
Alien: Resurrection (1997),3.096774193548387,124,343,01-01-1997,0,1,0,0,0,0,0,0,0,0,0,1,0,0,0,1,0,0,0
Aliens (1986),3.9471830985915495,284,176,01-01-1986,0,1,0,0,0,0,0,0,0,0,0,0,0,0,0,1,1,1,0
All About Eve (1950),4.045454545454546,66,606,01-01-1950,0,0,0,0,0,0,0,0,1,0,0,0,0,0,0,0,0,0,0
Amadeus (1984),4.163043478260869,276,191,01-01-1984,0,0,0,0,0,0,0,0,1,0,0,0,0,1,0,0,0,0,0
"American President, The (1995)",3.6280487804878048,164,692,01-01-1995,0,0,0,0,0,1,0,0,1,0,0,0,0,0,1,0,0,0,0
"American Werewolf in London, An (1981)",3.5353535353535355,99,436,01-01-1981,0,0,0,0,0,0,0,0,0,0,0,1,0,0,0,0,0,0,0
Amistad (1997),3.8548387096774195,124,750,18-12-1997,0,0,0,0,0,0,0,0,1,0,0,0,0,0,0,0,0,0,0
"Amityville Horror, The (1979)",2.5660377358490565,53,441,01-01-1979,0,0,0,0,0,0,0,0,0,0,0,1,0,0,0,0,0,0,0
Anastasia (1997),3.4242424242424243,66,538,01-01-1997,0,0,0,1,1,0,0,0,0,0,0,0,1,0,0,0,0,0,0
Angels and Insects (1995),3.4166666666666665,72,20,01-01-1995,0,0,0,0,0,0,0,0,1,0,0,0,0,0,1,0,0,0,0
Annie Hall (1977),3.911111111111111,180,514,01-01-1977,0,0,0,0,0,1,0,0,0,0,0,0,0,0,1,0,0,0,0
Antonia's Line (1995),3.9565217391304346,69,19,01-01-1995,0,0,0,0,0,0,0,0,1,0,0,0,0,0,0,0,0,0,0
"Apartment, The (1960)",3.9365079365079363,63,481,01-01-1960,0,0,0,0,0,1,0,0,1,0,0,0,0,0,0,0,0,0,0
Apocalypse Now (1979),4.04524886877828,221,180,01-01-1979,0,0,0,0,0,0,0,0,1,0,0,0,0,0,0,0,0,1,0
Apollo 13 (1995),3.931159420289855,276,28,01-01-1995,0,1,0,0,0,0,0,0,1,0,0,0,0,0,0,0,1,0,0
"Apostle, The (1997)",3.6545454545454548,55,344,18-12-1997,0,0,0,0,0,0,0,0,1,0,0,0,0,0,0,0,0,0,0
Apt Pupil (1998),4.1,160,315,23-10-1998,0,0,0,0,0,0,0,0,1,0,0,0,0,0,0,0,1,0,0
"Aristocats, The (1970)",3.1296296296296298,54,102,01-01-1970,0,0,0,1,1,0,0,0,0,0,0,0,0,0,0,0,0,0,0
Army of Darkness (1993),3.4310344827586206,116,184,01-01-1993,0,1,1,0,0,1,0,0,0,0,0,1,0,0,0,1,0,0,0
Around the World in 80 Days (1956),3.6610169491525424,59,495,01-01-1956,0,0,1,0,0,1,0,0,0,0,0,0,0,0,0,0,0,0,0
"Arrival, The (1996)",3.036144578313253,83,825,31-05-1996,0,1,0,0,0,0,0,0,0,0,0,0,0,0,0,1,1,0,0
Arsenic and Old Lace (1944),4.078260869565217,115,659,01-01-1944,0,0,0,0,0,1,0,0,0,0,0,0,0,1,0,0,1,0,0
As Good As It Gets (1997),4.196428571428571,112,316,23-12-1997,0,0,0,0,0,1,0,0,1,0,0,0,0,0,0,0,0,0,0
Austin Powers: International Man of Mystery (1997),3.246153846153846,130,249,02-05-1997,0,0,0,0,0,1,0,0,0,0,0,0,0,0,0,0,0,0,0
Babe (1995),3.9954337899543377,219,8,01-01-1995,0,0,0,0,1,1,0,0,1,0,0,0,0,0,0,0,0,0,0
Back to the Future (1985),3.834285714285714,350,204,01-01-1985,0,0,0,0,0,1,0,0,0,0,0,0,0,0,0,1,0,0,0
Bad Boys (1995),3.1052631578947367,57,27,01-01-1995,0,1,0,0,0,0,0,0,0,0,0,0,0,0,0,0,0,0,0
Bananas (1971),3.7017543859649122,57,502,01-01-1971,0,0,0,0,0,1,0,0,0,0,0,0,0,0,0,0,0,1,0
Barcelona (1994),3.018867924528302,53,702,01-01-1994,0,0,0,0,0,1,0,0,0,0,0,0,0,0,1,0,0,0,0
Basic Instinct (1992),3.227722772277228,101,159,01-01-1992,0,0,0,0,0,0,0,0,0,0,0,0,0,1,0,0,1,0,0
Batman & Robin (1997),2.4516129032258065,62,254,20-06-1997,0,1,1,0,0,0,1,0,0,0,0,0,0,0,0,0,0,0,0
Batman (1989),3.427860696517413,201,403,01-01-1989,0,1,1,0,0,0,1,0,1,0,0,0,0,0,0,0,0,0,0
Batman Forever (1995),2.6666666666666665,114,29,01-01-1995,0,1,1,0,0,1,1,0,0,0,0,0,0,0,0,0,0,0,0
Batman Returns (1992),2.683098591549296,142,231,01-01-1992,0,1,1,0,0,1,1,0,0,0,0,0,0,0,0,0,0,0,0
Bean (1997),2.659340659340659,91,338,01-01-1997,0,0,0,0,0,1,0,0,0,0,0,0,0,0,0,0,0,0,0
"Beautician and the Beast, The (1997)",2.313953488372093,86,988,07-02-1997,0,0,0,0,0,1,0,0,0,0,0,0,0,0,1,0,0,0,0
Beautiful Girls (1996),3.391304347826087,115,762,09-02-1996,0,0,0,0,0,0,0,0,1,0,0,0,0,0,0,0,0,0,0
Beauty and the Beast (1991),3.792079207920792,202,588,01-01-1991,0,0,0,1,1,0,0,0,0,0,0,0,1,0,0,0,0,0,0
Beavis and Butt-head Do America (1996),2.7884615384615383,156,240,20-12-1996,0,0,0,1,0,1,0,0,0,0,0,0,0,0,0,0,0,0,0
Bed of Roses (1996),3.2333333333333334,60,278,01-01-1996,0,0,0,0,0,0,0,0,1,0,0,0,0,0,1,0,0,0,0
Bedknobs and Broomsticks (1971),3.0701754385964914,57,142,01-01-1971,0,0,1,0,1,0,0,0,0,0,0,0,1,0,0,0,0,0,0
Being There (1979),3.9051724137931036,116,663,01-01-1979,0,0,0,0,0,1,0,0,0,0,0,0,0,0,0,0,0,0,0
Ben-Hur (1959),3.8306451612903225,124,526,01-01-1959,0,1,1,0,0,0,0,0,1,0,0,0,0,0,0,0,0,0,0
Benny & Joon (1993),3.4607843137254903,102,747,01-01-1993,0,0,0,0,0,1,0,0,0,0,0,0,0,0,1,0,0,0,0
Better Off Dead... (1985),3.569620253164557,79,710,01-01-1985,0,0,0,0,0,1,0,0,0,0,0,0,0,0,0,0,0,0,0
Big Night (1996),3.9005847953216373,171,137,20-09-1996,0,0,0,0,0,0,0,0,1,0,0,0,0,0,0,0,0,0,0
"Big Sleep, The (1946)",4.027397260273973,73,525,01-01-1946,0,0,0,0,0,0,0,0,0,0,1,0,0,1,0,0,0,0,0
"Birdcage, The (1996)",3.4436860068259385,293,25,08-03-1996,0,0,0,0,0,1,0,0,0,0,0,0,0,0,0,0,0,0,0
"Birds, The (1963)",3.808641975308642,162,443,01-01-1963,0,0,0,0,0,0,0,0,0,0,0,1,0,0,0,0,0,0,0
Black Sheep (1996),2.6363636363636362,55,369,02-02-1996,0,0,0,0,0,1,0,0,0,0,0,0,0,0,0,0,0,0,0
Blade Runner (1982),4.138181818181818,275,89,01-01-1982,0,0,0,0,0,0,0,0,0,0,1,0,0,0,0,1,0,0,0
"Blues Brothers, The (1980)",3.8366533864541834,251,186,01-01-1980,0,1,0,0,0,1,0,0,0,0,0,0,1,0,0,0,0,0,0
Bob Roberts (1992),3.7411764705882353,85,425,01-01-1992,0,0,0,0,0,1,0,0,0,0,0,0,0,0,0,0,0,0,0
Body Snatchers (1993),2.971014492753623,69,573,01-01-1993,0,0,0,0,0,0,0,0,0,0,0,1,0,0,0,1,1,0,0
Bonnie and Clyde (1967),3.819672131147541,122,504,01-01-1967,0,0,0,0,0,0,1,0,1,0,0,0,0,0,0,0,0,0,0
Boogie Nights (1997),3.5873015873015874,189,340,01-01-1997,0,0,0,0,0,0,0,0,1,0,0,0,0,0,0,0,0,0,0
"Boot, Das (1981)",4.203980099502488,201,515,04-04-1997,0,1,0,0,0,0,0,0,1,0,0,0,0,0,0,0,0,1,0
Bound (1996),3.8217054263565893,129,129,04-10-1996,0,0,0,0,0,0,1,0,1,0,0,0,0,0,1,0,1,0,0
"Brady Bunch Movie, The (1995)",2.8026315789473686,76,401,01-01-1995,0,0,0,0,0,1,0,0,0,0,0,0,0,0,0,0,0,0,0
Bram Stoker's Dracula (1992),3.158333333333333,120,217,01-01-1992,0,0,0,0,0,0,0,0,0,0,0,1,0,0,1,0,0,0,0
Braveheart (1995),4.151515151515151,297,22,16-02-1996,0,1,0,0,0,0,0,0,1,0,0,0,0,0,0,0,0,1,0
Brazil (1985),3.8173076923076925,208,175,01-01-1985,0,0,0,0,0,0,0,0,0,0,0,0,0,0,0,1,0,0,0
Breakdown (1997),3.4025974025974026,77,295,02-05-1997,0,1,0,0,0,0,0,0,0,0,0,0,0,0,0,0,1,0,0
Breakfast at Tiffany's (1961),3.7263157894736842,95,131,01-01-1961,0,0,0,0,0,0,0,0,1,0,0,0,0,0,1,0,0,0,0
Breaking the Waves (1996),3.72972972972973,74,221,15-11-1996,0,0,0,0,0,0,0,0,1,0,0,0,0,0,0,0,0,0,0
"Bridge on the River Kwai, The (1957)",4.175757575757576,165,199,01-01-1957,0,0,0,0,0,0,0,0,1,0,0,0,0,0,0,0,0,1,0
"Bridges of Madison County, The (1995)",3.1641791044776117,67,371,09-02-1996,0,0,0,0,0,0,0,0,1,0,0,0,0,0,1,0,0,0,0
Bringing Up Baby (1938),3.838235294117647,68,497,01-01-1938,0,0,0,0,0,1,0,0,0,0,0,0,0,0,0,0,0,0,0
Broken Arrow (1996),3.031496062992126,254,546,09-02-1996,0,1,0,0,0,0,0,0,0,0,0,0,0,0,0,0,1,0,0
"Brothers McMullen, The (1995)",3.452054794520548,73,26,01-01-1995,0,0,0,0,0,1,0,0,0,0,0,0,0,0,0,0,0,0,0
Bullets Over Broadway (1994),3.7209302325581395,86,792,01-01-1994,0,0,0,0,0,1,0,0,0,0,0,0,0,0,0,0,0,0,0
Butch Cassidy and the Sundance Kid (1969),3.949074074074074,216,435,01-01-1969,0,1,0,0,0,1,0,0,0,0,0,0,0,0,0,0,0,0,1
"Cable Guy, The (1996)",2.339622641509434,106,122,14-06-1996,0,0,0,0,0,1,0,0,0,0,0,0,0,0,0,0,0,0,0
Candyman (1992),2.723076923076923,65,672,01-01-1992,0,0,0,0,0,0,0,0,0,0,0,1,0,0,0,0,0,0,0
Cape Fear (1962),3.5232558139534884,86,673,01-01-1962,0,0,0,0,0,0,0,0,0,0,1,0,0,0,0,0,1,0,0
Cape Fear (1991),3.456140350877193,171,218,01-01-1991,0,0,0,0,0,0,0,0,0,0,0,0,0,0,0,0,1,0,0
Carlito's Way (1993),3.4074074074074074,54,76,01-01-1993,0,0,0,0,0,0,1,0,1,0,0,0,0,0,0,0,0,0,0
Carrie (1976),3.5041322314049586,121,447,01-01-1976,0,0,0,0,0,0,0,0,0,0,0,1,0,0,0,0,0,0,0
Casablanca (1942),4.45679012345679,243,483,01-01-1942,0,0,0,0,0,0,0,0,1,0,0,0,0,0,1,0,0,1,0
Casino (1995),3.6483516483516483,91,693,01-01-1995,0,0,0,0,0,0,0,0,1,0,0,0,0,0,0,0,0,0,0
Casper (1995),3.076923076923077,52,768,01-01-1995,0,0,1,0,1,0,0,0,0,0,0,0,0,0,0,0,0,0,0
Cat on a Hot Tin Roof (1958),3.9516129032258065,62,499,01-01-1958,0,0,0,0,0,0,0,0,1,0,0,0,0,0,0,0,0,0,0
"Celluloid Closet, The (1995)",3.892857142857143,56,813,15-03-1996,0,0,0,0,0,0,0,1,0,0,0,0,0,0,0,0,0,0,0
Chain Reaction (1996),2.7,80,930,31-07-1996,0,1,1,0,0,0,0,0,0,0,0,0,0,0,0,0,1,0,0
Chasing Amy (1997),3.8390501319261214,379,246,01-01-1997,0,0,0,0,0,0,0,0,1,0,0,0,0,0,1,0,0,0,0
Chinatown (1974),4.136054421768708,147,654,01-01-1974,0,0,0,0,0,0,0,0,0,0,1,0,0,1,0,0,1,0,0
"Christmas Carol, A (1938)",4.057971014492754,69,633,01-01-1938,0,0,0,0,0,0,0,0,1,0,0,0,0,0,0,0,0,0,0
Cinderella (1950),3.5813953488372094,129,418,01-01-1950,0,0,0,1,1,0,0,0,0,0,0,0,1,0,0,0,0,0,0
Cinema Paradiso (1988),4.1735537190082646,121,170,01-01-1988,0,0,0,0,0,1,0,0,1,0,0,0,0,0,1,0,0,0,0
Circle of Friends (1995),3.486842105263158,76,724,01-01-1995,0,0,0,0,0,0,0,0,1,0,0,0,0,0,1,0,0,0,0
Citizen Kane (1941),4.292929292929293,198,134,01-01-1941,0,0,0,0,0,0,0,0,1,0,0,0,0,0,0,0,0,0,0
City Hall (1996),3.1392405063291138,79,696,16-02-1996,0,0,0,0,0,0,0,0,1,0,0,0,0,0,0,0,1,0,0
"City of Lost Children, The (1995)",3.7916666666666665,96,919,01-01-1995,0,0,1,0,0,0,0,0,0,0,0,0,0,0,0,1,0,0,0
Clear and Present Danger (1994),3.569832402234637,179,566,01-01-1994,0,1,1,0,0,0,0,0,0,0,0,0,0,0,0,0,1,0,0
Clerks (1994),3.804054054054054,148,42,01-01-1994,0,0,0,0,0,1,0,0,0,0,0,0,0,0,0,0,0,0,0
"Client, The (1994)",3.381443298969072,97,356,01-01-1994,0,0,0,0,0,0,0,0,1,0,0,0,0,1,0,0,1,0,0
Cliffhanger (1993),3.021505376344086,93,576,01-01-1993,0,1,1,0,0,0,1,0,0,0,0,0,0,0,0,0,0,0,0
"Clockwork Orange, A (1971)",3.909502262443439,221,179,01-01-1971,0,0,0,0,0,0,0,0,0,0,0,0,0,0,0,1,0,0,0
"Close Shave, A (1995)",4.491071428571429,112,408,28-04-1996,0,0,0,1,0,1,0,0,0,0,0,0,0,0,0,0,1,0,0
Clueless (1995),3.458823529411765,170,367,01-01-1995,0,0,0,0,0,1,0,0,0,0,0,0,0,0,0,0,0,0,0
Cold Comfort Farm (1995),3.824,125,116,23-04-1996,0,0,0,0,0,1,0,0,0,0,0,0,0,0,0,0,0,0,0
Con Air (1997),3.45985401459854,137,1016,06-06-1997,0,1,1,0,0,0,0,0,0,0,0,0,0,0,0,0,1,0,0
Conan the Barbarian (1981),3.046728971962617,107,679,01-01-1981,0,1,1,0,0,0,0,0,0,0,0,0,0,0,0,0,0,0,0
Conspiracy Theory (1997),3.4237288135593222,295,328,08-08-1997,0,1,0,0,0,0,0,0,0,0,0,0,0,1,1,0,1,0,0
Contact (1997),3.8035363457760316,509,258,11-07-1997,0,0,0,0,0,0,0,0,1,0,0,0,0,0,0,1,0,0,0
"Cook the Thief His Wife & Her Lover, The (1989)",3.024390243902439,82,640,01-01-1989,0,0,0,0,0,0,0,0,1,0,0,0,0,0,0,0,0,0,0
Cool Hand Luke (1967),3.9939024390243905,164,523,01-01-1967,0,0,0,0,0,1,0,0,1,0,0,0,0,0,0,0,0,0,0
Cool Runnings (1993),3.161764705882353,68,1035,01-01-1993,0,0,0,0,0,1,0,0,0,0,0,0,0,0,0,0,0,0,0
Cop Land (1997),3.3771428571428572,175,327,01-01-1997,0,0,0,0,0,0,1,0,1,0,0,0,0,1,0,0,0,0,0
Copycat (1995),3.302325581395349,86,5,01-01-1995,0,0,0,0,0,0,1,0,1,0,0,0,0,0,0,0,1,0,0
Courage Under Fire (1996),3.6108597285067874,221,471,08-03-1996,0,0,0,0,0,0,0,0,1,0,0,0,0,0,0,0,0,1,0
"Craft, The (1996)",3.1153846153846154,104,928,26-04-1996,0,0,0,0,0,0,0,0,1,0,0,1,0,0,0,0,0,0,0
Crash (1996),2.546875,128,325,21-03-1997,0,0,0,0,0,0,0,0,1,0,0,0,0,0,0,0,1,0,0
Crimson Tide (1995),3.6298701298701297,154,31,01-01-1995,0,0,0,0,0,0,0,0,1,0,0,0,0,0,0,0,1,1,0
"Crow, The (1994)",3.417910447761194,134,68,01-01-1994,0,1,0,0,0,0,0,0,0,0,0,0,0,0,1,0,1,0,0
"Crucible, The (1996)",3.3376623376623376,77,676,27-11-1996,0,0,0,0,0,0,0,0,1,0,0,0,0,0,0,0,0,0,0
Crumb (1994),3.7901234567901234,81,32,01-01-1994,0,0,0,0,0,0,0,1,0,0,0,0,0,0,0,0,0,0,0
"Crying Game, The (1992)",3.6218487394957983,119,631,01-01-1992,0,1,0,0,0,0,0,0,1,0,0,0,0,0,1,0,0,1,0
Cyrano de Bergerac (1990),3.8181818181818183,66,207,01-01-1990,0,1,0,0,0,0,0,0,1,0,0,0,0,0,1,0,0,0,0
Dances with Wolves (1990),3.79296875,256,97,01-01-1990,0,0,1,0,0,0,0,0,1,0,0,0,0,0,0,0,0,0,1
Dante's Peak (1997),2.933333333333333,240,323,07-02-1997,0,1,0,0,0,0,0,0,0,0,0,0,0,0,0,0,1,0,0
Dave (1993),3.65,180,732,01-01-1993,0,0,0,0,0,1,0,0,0,0,0,0,0,0,1,0,0,0,0
"Day the Earth Stood Still, The (1951)",3.9381443298969074,97,429,01-01-1951,0,0,0,0,0,0,0,0,1,0,0,0,0,0,0,1,0,0,0
Daylight (1996),2.7719298245614037,57,827,06-12-1996,0,1,1,0,0,0,0,0,0,0,0,0,0,0,0,0,1,0,0
Days of Thunder (1990),2.7169811320754715,53,849,01-01-1990,0,1,0,0,0,0,0,0,0,0,0,0,0,0,1,0,0,0,0
Dazed and Confused (1993),3.46875,64,959,01-01-1993,0,0,0,0,0,1,0,0,0,0,0,0,0,0,0,0,0,0,0
Dead Man Walking (1995),3.8963210702341136,299,9,01-01-1995,0,0,0,0,0,0,0,0,1,0,0,0,0,0,0,0,0,0,0
Dead Poets Society (1989),3.9163346613545817,251,196,01-01-1989,0,0,0,0,0,0,0,0,1,0,0,0,0,0,0,0,0,0,0
Deconstructing Harry (1997),3.4,65,345,01-01-1997,0,0,0,0,0,1,0,0,1,0,0,0,0,0,0,0,0,0,0
"Deer Hunter, The (1978)",3.8333333333333335,120,521,01-01-1978,0,0,0,0,0,0,0,0,1,0,0,0,0,0,0,0,0,1,0
Delicatessen (1991),3.876923076923077,65,171,01-01-1991,0,0,0,0,0,1,0,0,0,0,0,0,0,0,0,1,0,0,0
Demolition Man (1993),3.152173913043478,92,578,01-01-1993,0,1,0,0,0,0,0,0,0,0,0,0,0,0,0,1,0,0,0
Desperado (1995),3.4536082474226806,97,33,01-01-1995,0,1,0,0,0,0,0,0,0,0,0,0,0,0,1,0,1,0,0
Desperate Measures (1998),3.3194444444444446,72,329,30-01-1998,0,0,0,0,0,0,1,0,1,0,0,0,0,0,0,0,1,0,0
Devil in a Blue Dress (1995),3.3859649122807016,57,770,01-01-1995,0,0,0,0,0,0,1,0,0,0,1,0,0,1,0,0,1,0,0
"Devil's Advocate, The (1997)",3.515957446808511,188,307,01-01-1997,0,0,0,0,0,0,1,0,0,0,0,1,0,1,0,0,1,0,0
"Devil's Own, The (1997)",3.1083333333333334,240,245,26-03-1997,0,1,0,0,0,0,0,0,1,0,0,0,0,0,0,0,1,1,0
Diabolique (1996),2.887323943661972,71,106,01-01-1996,0,0,0,0,0,0,0,0,1,0,0,0,0,0,0,0,1,0,0
Dial M for Murder (1954),4.0,68,505,01-01-1954,0,0,0,0,0,0,0,0,0,0,0,0,0,1,0,0,1,0,0
Die Hard (1988),3.8724279835390947,243,144,01-01-1988,0,1,0,0,0,0,0,0,0,0,0,0,0,0,0,0,1,0,0
Die Hard 2 (1990),3.355421686746988,166,226,01-01-1990,0,1,0,0,0,0,0,0,0,0,0,0,0,0,0,0,1,0,0
Die Hard: With a Vengeance (1995),3.2847682119205297,151,550,01-01-1995,0,1,0,0,0,0,0,0,0,0,0,0,0,0,0,0,1,0,0
Dirty Dancing (1987),3.1020408163265305,98,155,01-01-1987,0,0,0,0,0,0,0,0,0,0,0,0,1,0,1,0,0,0,0
Diva (1981),3.727272727272727,66,855,01-01-1981,0,1,0,0,0,0,0,0,1,0,0,0,0,1,1,0,1,0,0
Dolores Claiborne (1994),3.3417721518987342,79,44,01-01-1994,0,0,0,0,0,0,0,0,1,0,0,0,0,0,0,0,1,0,0
Don Juan DeMarco (1995),3.5526315789473686,76,778,01-01-1995,0,0,0,0,0,1,0,0,1,0,0,0,0,0,1,0,0,0,0
Donnie Brasco (1997),3.802721088435374,147,293,28-02-1997,0,0,0,0,0,0,1,0,1,0,0,0,0,0,0,0,0,0,0
Down Periscope (1996),2.702970297029703,101,926,01-03-1996,0,0,0,0,0,1,0,0,0,0,0,0,0,0,0,0,0,0,0
Dr. Strangelove or: How I Learned to Stop Worrying and Love the Bomb (1963),4.252577319587629,194,474,01-01-1963,0,0,0,0,0,0,0,0,0,0,0,0,0,0,0,1,0,1,0
Dragonheart (1996),3.0822784810126582,158,472,31-05-1996,0,1,1,0,0,0,0,0,0,1,0,0,0,0,0,0,0,0,0
Duck Soup (1933),4.0,93,430,01-01-1933,0,0,0,0,0,1,0,0,0,0,0,0,0,0,0,0,0,1,0
Dumb & Dumber (1994),3.0,69,780,01-01-1994,0,0,0,0,0,1,0,0,0,0,0,0,0,0,0,0,0,0,0
Dumbo (1941),3.4959349593495936,123,501,01-01-1941,0,0,0,1,1,0,0,0,0,0,0,0,1,0,0,0,0,0,0
E.T. the Extra-Terrestrial (1982),3.8333333333333335,300,423,01-01-1982,0,0,0,0,1,0,0,0,1,1,0,0,0,0,0,1,0,0,0
East of Eden (1955),3.864406779661017,59,492,01-01-1955,0,0,0,0,0,0,0,0,1,0,0,0,0,0,0,0,0,0,0
Eat Drink Man Woman (1994),4.05,80,45,01-01-1994,0,0,0,0,0,1,0,0,1,0,0,0,0,0,0,0,0,0,0
Ed Wood (1994),3.601503759398496,133,47,01-01-1994,0,0,0,0,0,1,0,0,1,0,0,0,0,0,0,0,0,0,0
"Edge, The (1997)",3.5398230088495577,113,331,26-09-1997,0,0,1,0,0,0,0,0,0,0,0,0,0,0,0,0,1,0,0
Emma (1996),3.7175141242937855,177,283,02-08-1996,0,0,0,0,0,0,0,0,1,0,0,0,0,0,1,0,0,0,0
"Empire Strikes Back, The (1980)",4.204359673024523,367,172,01-01-1980,0,1,1,0,0,0,0,0,1,0,0,0,0,0,1,1,0,1,0
Enchanted April (1991),3.9285714285714284,70,707,01-01-1991,0,0,0,0,0,0,0,0,1,0,0,0,0,0,0,0,0,0,0
"English Patient, The (1996)",3.656964656964657,481,286,15-11-1996,0,0,0,0,0,0,0,0,1,0,0,0,0,0,1,0,0,1,0
Eraser (1996),3.150485436893204,206,597,21-06-1996,0,1,0,0,0,0,0,0,0,0,0,0,0,0,0,0,1,0,0
Escape from L.A. (1996),2.4615384615384617,91,831,09-08-1996,0,1,1,0,0,0,0,0,0,0,0,0,0,0,0,1,1,0,0
Escape from New York (1981),3.241758241758242,91,636,01-01-1981,0,1,1,0,0,0,0,0,0,0,0,0,0,0,0,1,1,0,0
Eve's Bayou (1997),3.609375,64,887,01-01-1997,0,0,0,0,0,0,0,0,1,0,0,0,0,0,0,0,0,0,0
Event Horizon (1997),2.574803149606299,127,260,01-01-1997,0,1,0,0,0,0,0,0,0,0,0,0,0,1,0,1,1,0,0
Everyone Says I Love You (1996),3.2738095238095237,168,319,06-12-1996,0,0,0,0,0,1,0,0,0,0,0,0,1,0,1,0,0,0,0
Evil Dead II (1987),3.5168539325842696,89,201,01-01-1987,0,1,1,0,0,1,0,0,0,0,0,1,0,0,0,0,0,0,0
Evita (1996),2.9806949806949805,259,289,25-12-1996,0,0,0,0,0,0,0,0,1,0,0,0,1,0,0,0,0,0,0
Excess Baggage (1997),2.5384615384615383,52,877,01-01-1997,0,0,1,0,0,0,0,0,0,0,0,0,0,0,1,0,0,0,0
Executive Decision (1996),3.356687898089172,157,685,09-03-1996,0,1,0,0,0,0,0,0,0,0,0,0,0,0,0,0,1,0,0
Extreme Measures (1996),3.171875,64,619,27-09-1996,0,0,0,0,0,0,0,0,1,0,0,0,0,0,0,0,1,0,0
Face/Off (1997),3.768041237113402,194,298,27-06-1997,0,1,0,0,0,0,0,0,0,0,0,0,0,0,0,1,1,0,0
"Fan, The (1996)",3.09375,64,595,16-08-1996,0,0,0,0,0,0,0,0,0,0,0,0,0,0,0,0,1,0,0
Fantasia (1940),3.7701149425287355,174,432,01-01-1940,0,0,0,1,1,0,0,0,0,0,0,0,1,0,0,0,0,0,0
Fargo (1996),4.155511811023622,508,100,14-02-1997,0,0,0,0,0,0,1,0,1,0,0,0,0,0,0,0,1,0,0
Father of the Bride (1950),3.5833333333333335,60,609,01-01-1950,0,0,0,0,0,1,0,0,0,0,0,0,0,0,0,0,0,0,0
Father of the Bride Part II (1995),2.8984375,128,756,01-01-1995,0,0,0,0,0,1,0,0,0,0,0,0,0,0,0,0,0,0,0
Field of Dreams (1989),3.69811320754717,212,215,01-01-1989,0,0,0,0,0,0,0,0,1,0,0,0,0,0,0,0,0,0,0
Fierce Creatures (1997),3.1145833333333335,96,290,10-01-1997,0,0,0,0,0,1,0,0,0,0,0,0,0,0,0,0,0,0,0
"Fifth Element, The (1997)",3.4771573604060912,197,250,09-05-1997,0,1,0,0,0,0,0,0,0,0,0,0,0,0,0,1,0,0,0
"Firm, The (1993)",3.2781456953642385,151,77,01-01-1993,0,0,0,0,0,0,0,0,1,0,0,0,0,0,0,0,1,0,0
First Knight (1995),3.0232558139534884,86,720,01-01-1995,0,1,1,0,0,0,0,0,1,0,0,0,0,0,1,0,0,0,0
"First Wives Club, The (1996)",3.01875,160,476,14-09-1996,0,0,0,0,0,1,0,0,0,0,0,0,0,0,0,0,0,0,0
"Fish Called Wanda, A (1988)",3.785425101214575,247,153,01-01-1988,0,0,0,0,0,1,0,0,0,0,0,0,0,0,0,0,0,0,0
Flubber (1997),2.7547169811320753,53,892,01-01-1997,0,0,0,0,1,1,0,0,0,1,0,0,0,0,0,0,0,0,0
Fly Away Home (1996),3.6,180,304,13-09-1996,0,0,1,0,1,0,0,0,0,0,0,0,0,0,0,0,0,0,0
Forbidden Planet (1956),3.8358208955223883,67,434,01-01-1956,0,0,0,0,0,0,0,0,0,0,0,0,0,0,0,1,0,0,0
Forget Paris (1995),3.193548387096774,62,1041,01-01-1995,0,0,0,0,0,1,0,0,0,0,0,0,0,0,1,0,0,0,0
Forrest Gump (1994),3.853582554517134,321,69,01-01-1994,0,0,0,0,0,1,0,0,0,0,0,0,0,0,1,0,0,1,0
Four Rooms (1995),3.033333333333333,90,3,01-01-1995,0,0,0,0,0,0,0,0,0,0,0,0,0,0,0,0,1,0,0
Four Weddings and a Funeral (1994),3.6613545816733066,251,70,01-01-1994,0,0,0,0,0,1,0,0,0,0,0,0,0,0,1,0,0,0,0
"Fox and the Hound, The (1981)",3.1475409836065573,61,946,01-01-1981,0,0,0,1,1,0,0,0,0,0,0,0,0,0,0,0,0,0,0
French Kiss (1995),3.3333333333333335,84,781,01-01-1995,0,0,0,0,0,1,0,0,0,0,0,0,0,0,1,0,0,0,0
Fried Green Tomatoes (1991),3.764705882352941,153,660,01-01-1991,0,0,0,0,0,0,0,0,1,0,0,0,0,0,0,0,0,0,0
"Frighteners, The (1996)",3.234782608695652,115,123,19-07-1996,0,0,0,0,0,1,0,0,0,0,0,1,0,0,0,0,0,0,0
From Dusk Till Dawn (1996),3.119565217391304,92,17,05-02-1996,0,1,0,0,0,1,1,0,0,0,0,1,0,0,0,0,1,0,0
"Fugitive, The (1993)",4.044642857142857,336,79,01-01-1993,0,1,0,0,0,0,0,0,0,0,0,0,0,0,0,0,1,0,0
Full Metal Jacket (1987),3.6823529411764704,170,188,01-01-1987,0,1,0,0,0,0,0,0,1,0,0,0,0,0,0,0,0,1,0
"Full Monty, The (1997)",3.926984126984127,315,269,01-01-1997,0,0,0,0,0,1,0,0,0,0,0,0,0,0,0,0,0,0,0
G.I. Jane (1997),3.36,175,326,01-01-1997,0,1,0,0,0,0,0,0,1,0,0,0,0,0,0,0,0,1,0
"Game, The (1997)",3.593625498007968,251,333,01-01-1997,0,0,0,0,0,0,0,0,0,0,0,0,0,1,0,0,1,0,0
Gandhi (1982),4.02051282051282,195,527,01-01-1982,0,0,0,0,0,0,0,0,1,0,0,0,0,0,0,0,0,0,0
Gattaca (1997),3.5955882352941178,136,270,01-01-1997,0,0,0,0,0,0,0,0,1,0,0,0,0,0,0,1,1,0,0
George of the Jungle (1997),2.685185185185185,162,259,01-01-1997,0,0,0,0,1,1,0,0,0,0,0,0,0,0,0,0,0,0,0
Get Shorty (1995),3.550239234449761,209,4,01-01-1995,0,1,0,0,0,1,0,0,1,0,0,0,0,0,0,0,0,0,0
Ghost (1990),3.4647058823529413,170,402,01-01-1990,0,0,0,0,0,1,0,0,0,0,0,0,0,0,1,0,1,0,0
"Ghost and the Darkness, The (1996)",3.203125,128,148,11-10-1996,0,1,1,0,0,0,0,0,0,0,0,0,0,0,0,0,0,0,0
Giant (1956),3.7450980392156863,51,614,01-01-1956,0,0,0,0,0,0,0,0,1,0,0,0,0,0,0,0,0,0,0
Glengarry Glen Ross (1992),3.463768115942029,69,160,01-01-1992,0,0,0,0,0,0,0,0,1,0,0,0,0,0,0,0,0,0,0
Glory (1989),4.076023391812866,171,651,01-01-1989,0,1,0,0,0,0,0,0,1,0,0,0,0,0,0,0,0,1,0
"Godfather, The (1972)",4.283292978208232,413,127,01-01-1972,0,1,0,0,0,0,1,0,1,0,0,0,0,0,0,0,0,0,0
"Godfather: Part II, The (1974)",4.186602870813397,209,187,01-01-1974,0,1,0,0,0,0,1,0,1,0,0,0,0,0,0,0,0,0,0
GoldenEye (1995),3.2061068702290076,131,2,01-01-1995,0,1,1,0,0,0,0,0,0,0,0,0,0,0,0,0,1,0,0
Gone with the Wind (1939),3.871345029239766,171,133,01-01-1939,0,0,0,0,0,0,0,0,1,0,0,0,0,0,1,0,0,1,0
Good Will Hunting (1997),4.262626262626263,198,272,01-01-1997,0,0,0,0,0,0,0,0,1,0,0,0,0,0,0,0,0,0,0
"Good, The Bad and The Ugly, The (1966)",3.8613138686131387,137,177,01-01-1966,0,1,0,0,0,0,0,0,0,0,0,0,0,0,0,0,0,0,1
GoodFellas (1990),3.9513274336283186,226,182,01-01-1990,0,0,0,0,0,0,1,0,1,0,0,0,0,0,0,0,0,0,0
"Graduate, The (1967)",4.104602510460251,239,197,01-01-1967,0,0,0,0,0,0,0,0,1,0,0,0,0,0,1,0,0,0,0
"Grand Day Out, A (1992)",4.106060606060606,66,189,01-01-1992,0,0,0,1,0,1,0,0,0,0,0,0,0,0,0,0,0,0,0
Grease (1978),3.347058823529412,170,451,01-01-1978,0,0,0,0,0,1,0,0,0,0,0,0,1,0,1,0,0,0,0
"Great Escape, The (1963)",4.104838709677419,124,520,01-01-1963,0,0,1,0,0,0,0,0,0,0,0,0,0,0,0,0,0,1,0
"Grifters, The (1990)",3.4831460674157304,89,642,01-01-1990,0,0,0,0,0,0,1,0,1,0,1,0,0,0,0,0,0,0,0
Grosse Pointe Blank (1997),3.675,160,248,11-04-1997,0,0,0,0,0,1,1,0,0,0,0,0,0,0,0,0,0,0,0
Groundhog Day (1993),3.7642857142857142,280,202,01-01-1993,0,0,0,0,0,1,0,0,0,0,0,0,0,0,1,0,0,0,0
Grumpier Old Men (1995),3.0405405405405403,148,1028,01-01-1995,0,0,0,0,0,1,0,0,0,0,0,0,0,0,1,0,0,0,0
Hamlet (1996),4.011111111111111,90,1039,24-01-1997,0,0,0,0,0,0,0,0,1,0,0,0,0,0,0,0,0,0,0
Happy Gilmore (1996),3.389261744966443,149,763,16-02-1996,0,0,0,0,0,1,0,0,0,0,0,0,0,0,0,0,0,0,0
Harold and Maude (1971),3.8181818181818183,121,428,01-01-1971,0,0,0,0,0,1,0,0,0,0,0,0,0,0,0,0,0,0,0
Heat (1995),3.569506726457399,223,273,01-01-1995,0,1,0,0,0,0,1,0,0,0,0,0,0,0,0,0,1,0,0
Heathers (1989),3.690058479532164,171,433,01-01-1989,0,0,0,0,0,1,0,0,0,0,0,0,0,0,0,0,0,0,0
Heavenly Creatures (1994),3.6714285714285713,70,558,01-01-1994,0,0,0,0,0,0,0,0,1,1,0,0,0,0,0,0,1,0,0
Heavy Metal (1981),3.26027397260274,73,101,08-03-1981,0,1,1,1,0,0,0,0,0,0,0,1,0,0,0,1,0,0,0
Henry V (1989),4.137096774193548,124,190,01-01-1989,0,0,0,0,0,0,0,0,1,0,0,0,0,0,0,0,0,1,0
Hercules (1997),3.515151515151515,66,993,27-06-1997,0,0,1,1,1,1,0,0,0,0,0,0,1,0,0,0,0,0,0
High Noon (1952),4.1022727272727275,88,661,01-01-1952,0,0,0,0,0,0,0,0,0,0,0,0,0,0,0,0,0,0,1
Highlander (1986),3.5359477124183005,153,431,01-01-1986,0,1,1,0,0,0,0,0,0,0,0,0,0,0,0,0,0,0,0
His Girl Friday (1940),4.0,56,494,01-01-1940,0,0,0,0,0,1,0,0,0,0,0,0,0,0,0,0,0,0,0
Home Alone (1990),3.0875912408759123,137,94,01-01-1990,0,0,0,0,1,1,0,0,0,0,0,0,0,0,0,0,0,0,0
Home for the Holidays (1995),3.1551724137931036,58,716,01-01-1995,0,0,0,0,0,0,0,0,1,0,0,0,0,0,1,0,0,0,0
Homeward Bound: The Incredible Journey (1993),3.2131147540983607,61,140,01-01-1993,0,0,1,0,1,0,0,0,0,0,0,0,0,0,0,0,0,0,0
Hoodlum (1997),2.9315068493150687,73,299,22-08-1997,0,0,0,0,0,0,1,0,1,0,1,0,0,0,0,0,0,0,0
Hoop Dreams (1994),4.094017094017094,117,48,01-01-1994,0,0,0,0,0,0,0,1,0,0,0,0,0,0,0,0,0,0,0
Hot Shots! Part Deux (1993),2.764705882352941,68,80,01-01-1993,0,1,0,0,0,1,0,0,0,0,0,0,0,0,0,0,0,1,0
How to Make an American Quilt (1995),3.3380281690140845,71,949,01-01-1995,0,0,0,0,0,0,0,0,1,0,0,0,0,0,1,0,0,0,0
"Hudsucker Proxy, The (1994)",3.5545454545454547,110,81,01-01-1994,0,0,0,0,0,1,0,0,0,0,0,0,0,0,1,0,0,0,0
"Hunchback of Notre Dame, The (1996)",3.377952755905512,127,596,21-06-1996,0,0,0,1,1,0,0,0,0,0,0,0,1,0,0,0,0,0,0
"Hunt for Red October, The (1990)",3.8634361233480177,227,265,01-01-1990,0,1,0,0,0,0,0,0,0,0,0,0,0,0,0,0,1,0,0
I Know What You Did Last Summer (1997),3.06,100,682,17-10-1997,0,0,0,0,0,0,0,0,0,0,0,1,0,1,0,0,1,0,0
I.Q. (1994),3.3209876543209877,81,49,01-01-1994,0,0,0,0,0,1,0,0,0,0,0,0,0,0,1,0,0,0,0
"Ice Storm, The (1997)",3.611111111111111,108,305,01-01-1997,0,0,0,0,0,0,0,0,1,0,0,0,0,0,0,0,0,0,0
Immortal Beloved (1994),3.4603174603174605,63,727,01-01-1994,0,0,0,0,0,0,0,0,1,0,0,0,0,0,1,0,0,0,0
In & Out (1997),3.3043478260869565,230,301,19-09-1997,0,0,0,0,0,1,0,0,0,0,0,0,0,0,0,0,0,0,0
In the Company of Men (1997),3.712121212121212,66,262,01-08-1997,0,0,0,0,0,0,0,0,1,0,0,0,0,0,0,0,0,0,0
In the Line of Fire (1993),3.7928994082840237,169,684,01-01-1993,0,1,0,0,0,0,0,0,0,0,0,0,0,0,0,0,1,0,0
In the Name of the Father (1993),3.911764705882353,102,317,01-01-1993,0,0,0,0,0,0,0,0,1,0,0,0,0,0,0,0,0,0,0
Independence Day (ID4) (1996),3.438228438228438,429,121,03-07-1996,0,1,0,0,0,0,0,0,0,0,0,0,0,0,0,1,0,1,0
Indiana Jones and the Last Crusade (1989),3.930513595166163,331,210,01-01-1989,0,1,1,0,0,0,0,0,0,0,0,0,0,0,0,0,0,0,0
Interview with the Vampire (1994),3.1824817518248176,137,559,01-01-1994,0,0,0,0,0,0,0,0,1,0,0,1,0,0,0,0,0,0,0
"Island of Dr. Moreau, The (1996)",2.1578947368421053,57,931,23-08-1996,0,0,0,0,0,0,0,0,0,0,0,0,0,0,0,1,1,0,0
It Happened One Night (1934),4.012345679012346,81,604,01-01-1934,0,0,0,0,0,1,0,0,0,0,0,0,0,0,0,0,0,0,0
It's a Wonderful Life (1946),4.121212121212121,231,496,01-01-1946,0,0,0,0,0,0,0,0,1,0,0,0,0,0,0,0,0,0,0
Jack (1996),3.142857142857143,70,409,07-08-1996,0,0,0,0,0,1,0,0,1,0,0,0,0,0,0,0,0,0,0
"Jackal, The (1997)",3.1494252873563218,87,689,01-01-1997,0,1,0,0,0,0,0,0,0,0,0,0,0,0,0,0,1,0,0
Jackie Brown (1997),3.642857142857143,126,346,01-01-1997,0,0,0,0,0,0,1,0,1,0,0,0,0,0,0,0,0,0,0
Jackie Chan's First Strike (1996),3.2551724137931033,145,455,10-01-1997,0,1,0,0,0,0,0,0,0,0,0,0,0,0,0,0,0,0,0
James and the Giant Peach (1996),3.126984126984127,126,473,12-04-1996,0,0,0,1,1,0,0,0,0,0,0,0,1,0,0,0,0,0,0
Jane Eyre (1996),3.4761904761904763,63,740,05-04-1996,0,0,0,0,0,0,0,0,1,0,0,0,0,0,1,0,0,0,0
Jaws (1975),3.775,280,234,01-01-1975,0,1,0,0,0,0,0,0,0,0,0,1,0,0,0,0,0,0,0
Jaws 2 (1978),2.6666666666666665,66,452,01-01-1978,0,1,0,0,0,0,0,0,0,0,0,1,0,0,0,0,0,0,0
Jean de Florette (1986),4.109375,64,165,01-01-1986,0,0,0,0,0,0,0,0,1,0,0,0,0,0,0,0,0,0,0
Jerry Maguire (1996),3.7109375,384,237,13-12-1996,0,0,0,0,0,0,0,0,1,0,0,0,0,0,1,0,0,0,0
Jumanji (1995),3.3125,96,755,01-01-1995,0,1,1,0,1,0,0,0,0,1,0,0,0,0,0,1,0,0,0
"Jungle Book, The (1994)",3.5647058823529414,85,465,01-01-1994,0,0,1,0,1,0,0,0,0,0,0,0,0,0,1,0,0,0,0
Jungle2Jungle (1997),2.4393939393939394,132,243,07-03-1997,0,0,0,0,1,1,0,0,0,0,0,0,0,0,0,0,0,0,0
Jurassic Park (1993),3.7203065134099615,261,82,01-01-1993,0,1,1,0,0,0,0,0,0,0,0,0,0,0,0,1,0,0,0
"Juror, The (1996)",2.817073170731707,82,717,01-01-1996,0,0,0,0,0,0,0,0,1,0,0,0,0,0,0,0,1,0,0
Kalifornia (1993),3.2203389830508473,59,581,01-01-1993,0,0,0,0,0,0,0,0,1,0,0,0,0,0,0,0,1,0,0
Kids in the Hall: Brain Candy (1996),3.076923076923077,65,108,12-04-1996,0,0,0,0,0,1,0,0,0,0,0,0,0,0,0,0,0,0,0
"Killing Fields, The (1984)",4.132231404958677,121,528,01-01-1984,0,0,0,0,0,0,0,0,1,0,0,0,0,0,0,0,0,1,0
Kingpin (1996),3.1296296296296298,162,410,12-07-1996,0,0,0,0,0,1,0,0,0,0,0,0,0,0,0,0,0,0,0
Kiss the Girls (1997),3.4615384615384617,143,332,01-01-1997,0,0,0,0,0,0,1,0,1,0,0,0,0,0,0,0,1,0,0
Kolya (1996),3.9914529914529915,117,242,24-01-1997,0,0,0,0,0,1,0,0,0,0,0,0,0,0,0,0,0,0,0
Koyaanisqatsi (1983),3.490566037735849,53,1065,01-01-1983,0,0,0,0,0,0,0,1,0,0,0,0,0,0,0,0,0,1,0
Kull the Conqueror (1997),2.63768115942029,69,266,29-08-1997,0,1,1,0,0,0,0,0,0,0,0,0,0,0,0,0,0,0,0
L.A. Confidential (1997),4.161616161616162,297,302,01-01-1997,0,0,0,0,0,0,1,0,0,0,1,0,0,1,0,0,1,0,0
Last Action Hero (1993),2.7457627118644066,59,391,01-01-1993,0,1,0,0,0,1,0,0,0,0,0,0,0,0,0,0,0,0,0
Last Man Standing (1996),2.660377358490566,53,840,20-09-1996,0,1,0,0,0,0,0,0,1,0,0,0,0,0,0,0,0,0,1
"Last Supper, The (1995)",3.4482758620689653,58,741,05-04-1996,0,0,0,0,0,0,0,0,1,0,0,0,0,0,0,0,1,0,0
"Last of the Mohicans, The (1992)",3.546875,128,241,01-01-1992,0,1,0,0,0,0,0,0,0,0,0,0,0,0,1,0,0,1,0
"Lawnmower Man, The (1992)",2.4461538461538463,65,145,01-01-1992,0,1,0,0,0,0,0,0,0,0,0,0,0,0,0,1,1,0,0
Lawrence of Arabia (1962),4.23121387283237,173,511,01-01-1962,0,0,1,0,0,0,0,0,0,0,0,0,0,0,0,0,0,1,0
Leaving Las Vegas (1995),3.697986577181208,298,276,01-01-1995,0,0,0,0,0,0,0,0,1,0,0,0,0,0,1,0,0,0,0
Legends of the Fall (1994),3.45679012345679,81,51,01-01-1994,0,0,0,0,0,0,0,0,1,0,0,0,0,0,1,0,0,1,1
Liar Liar (1997),3.156701030927835,485,294,21-03-1997,0,0,0,0,0,1,0,0,0,0,0,0,0,0,0,0,0,0,0
"Life Less Ordinary, A (1997)",3.0754716981132075,53,886,01-01-1997,0,0,0,0,0,0,0,0,0,0,0,0,0,0,1,0,1,0,0
Like Water For Chocolate (Como agua para chocolate) (1992),3.804054054054054,148,462,01-01-1992,0,0,0,0,0,0,0,0,1,0,0,0,0,0,1,0,0,0,0
"Lion King, The (1994)",3.7818181818181817,220,71,01-01-1994,0,0,0,1,1,0,0,0,0,0,0,0,1,0,0,0,0,0,0
Little Women (1994),3.676470588235294,102,699,01-01-1994,0,0,0,0,0,0,0,0,1,0,0,0,0,0,0,0,0,0,0
Local Hero (1983),3.9682539682539684,63,516,01-01-1983,0,0,0,0,0,1,0,0,0,0,0,0,0,0,0,0,0,0,0
Lone Star (1996),4.053475935828877,187,124,21-06-1996,0,0,0,0,0,0,0,0,1,0,0,0,0,1,0,0,0,0,0
"Long Kiss Goodnight, The (1996)",3.4702702702702704,185,147,05-10-1996,0,1,0,0,0,0,0,0,0,0,0,0,0,0,0,0,1,0,0
Looking for Richard (1996),3.727272727272727,55,847,11-10-1996,0,0,0,0,0,0,0,1,1,0,0,0,0,0,0,0,0,0,0
Lost Highway (1997),3.136,125,324,21-02-1997,0,0,0,0,0,0,0,0,0,0,0,0,0,1,0,0,0,0,0
"Lost World: Jurassic Park, The (1997)",2.9430379746835444,158,252,23-05-1997,0,1,1,0,0,0,0,0,0,0,0,0,0,0,0,1,1,0,0
M*A*S*H (1970),3.912621359223301,206,211,01-01-1970,0,0,0,0,0,1,0,0,0,0,0,0,0,0,0,0,0,1,0
"Madness of King George, The (1994)",3.769230769230769,91,52,01-01-1994,0,0,0,0,0,0,0,0,1,0,0,0,0,0,0,0,0,0,0
"Magnificent Seven, The (1954)",3.9421487603305785,121,510,01-01-1954,0,1,0,0,0,0,0,0,1,0,0,0,0,0,0,0,0,0,1
Mallrats (1995),3.4444444444444446,54,721,01-01-1995,0,0,0,0,0,1,0,0,0,0,0,0,0,0,0,0,0,0,0
"Maltese Falcon, The (1941)",4.2101449275362315,138,484,01-01-1941,0,0,0,0,0,0,0,0,0,0,1,0,0,1,0,0,0,0,0
"Man Who Knew Too Little, The (1997)",2.923076923076923,52,342,01-01-1997,0,0,0,0,0,1,0,0,0,0,0,0,0,1,0,0,0,0,0
"Man Who Would Be King, The (1975)",4.025,80,530,01-01-1975,0,0,1,0,0,0,0,0,0,0,0,0,0,0,0,0,0,0,0
"Man Without a Face, The (1993)",3.5441176470588234,68,392,01-01-1993,0,0,0,0,0,0,0,0,1,0,0,0,0,0,0,0,0,0,0
"Manchurian Candidate, The (1962)",4.259541984732825,131,657,01-01-1962,0,0,0,0,0,0,0,0,0,0,1,0,0,0,0,0,1,0,0
Manhattan (1979),3.769230769230769,91,517,01-01-1979,0,0,0,0,0,1,0,0,1,0,0,0,0,0,1,0,0,0,0
Manon of the Spring (Manon des sources) (1986),4.120689655172414,58,166,01-01-1986,0,0,0,0,0,0,0,0,1,0,0,0,0,0,0,0,0,0,0
Mars Attacks! (1996),2.847926267281106,217,235,13-12-1996,0,1,0,0,0,1,0,0,0,0,0,0,0,0,0,1,0,1,0
Marvin's Room (1996),3.58974358974359,78,287,18-12-1996,0,0,0,0,0,0,0,0,1,0,0,0,0,0,0,0,0,0,0
Mary Poppins (1964),3.7247191011235956,178,419,01-01-1964,0,0,0,0,1,1,0,0,0,0,0,0,1,0,0,0,0,0,0
Mary Shelley's Frankenstein (1994),3.0677966101694913,59,561,01-01-1994,0,0,0,0,0,0,0,0,1,0,0,1,0,0,0,0,0,0,0
"Mask, The (1994)",3.193798449612403,129,72,01-01-1994,0,0,0,0,0,1,1,0,0,1,0,0,0,0,0,0,0,0,0
"MatchMaker, The (1997)",3.176470588235294,51,749,01-01-1997,0,0,0,0,0,1,0,0,0,0,0,0,0,0,1,0,0,0,0
Matilda (1996),3.210526315789474,95,477,02-08-1996,0,0,0,0,1,1,0,0,0,0,0,0,0,0,0,0,0,0,0
Maverick (1994),3.46875,128,73,01-01-1994,0,1,0,0,0,1,0,0,0,0,0,0,0,0,0,0,0,0,1
McHale's Navy (1997),2.1884057971014492,69,687,18-04-1997,0,0,0,0,0,1,0,0,0,0,0,0,0,0,0,0,0,1,0
Men in Black (1997),3.745874587458746,303,257,04-07-1997,0,1,1,0,0,1,0,0,0,0,0,0,0,0,0,1,0,0,0
Michael (1996),3.319327731092437,119,866,25-12-1996,0,0,0,0,0,1,0,0,0,0,0,0,0,0,1,0,0,0,0
Michael Collins (1996),3.4565217391304346,92,744,11-10-1996,0,0,0,0,0,0,0,0,1,0,0,0,0,0,0,0,0,1,0
Midnight in the Garden of Good and Evil (1997),3.1625,80,312,01-01-1997,0,0,0,0,0,1,1,0,1,0,0,0,0,1,0,0,0,0,0
Mighty Aphrodite (1995),3.4184782608695654,184,13,30-10-1995,0,0,0,0,0,1,0,0,0,0,0,0,0,0,0,0,0,0,0
Miller's Crossing (1990),3.651685393258427,89,518,01-01-1990,0,0,0,0,0,0,0,0,1,0,0,0,0,0,0,0,0,0,0
Mimic (1997),2.742574257425743,101,264,22-08-1997,0,0,0,0,0,0,0,0,0,0,0,0,0,0,0,1,1,0,0
Miracle on 34th Street (1994),3.722772277227723,101,378,01-01-1994,0,0,0,0,0,0,0,0,1,0,0,0,0,0,0,0,0,0,0
"Mirror Has Two Faces, The (1996)",3.3636363636363638,66,220,15-11-1996,0,0,0,0,0,1,0,0,0,0,0,0,0,0,1,0,0,0,0
Mission: Impossible (1996),3.313953488372093,344,405,22-05-1996,0,1,1,0,0,0,0,0,0,0,0,0,0,1,0,0,0,0,0
Money Talks (1997),2.8152173913043477,92,876,22-08-1997,0,1,0,0,0,1,0,0,0,0,0,0,0,0,0,0,0,0,0
Monty Python and the Holy Grail (1974),4.0664556962025316,316,168,01-01-1974,0,0,0,0,0,1,0,0,0,0,0,0,0,0,0,0,0,0,0
Monty Python's Life of Brian (1979),3.7471264367816093,174,154,01-01-1979,0,0,0,0,0,1,0,0,0,0,0,0,0,0,0,0,0,0,0
Mother (1996),3.1301775147928996,169,321,25-12-1996,0,0,0,0,0,1,0,0,0,0,0,0,0,0,0,0,0,0,0
Mr. Holland's Opus (1995),3.7781569965870307,293,15,29-01-1996,0,0,0,0,0,0,0,0,1,0,0,0,0,0,0,0,0,0,0
Mr. Smith Goes to Washington (1939),4.123809523809523,105,136,01-01-1939,0,0,0,0,0,0,0,0,1,0,0,0,0,0,0,0,0,0,0
"Mrs. Brown (Her Majesty, Mrs. Brown) (1997)",3.9479166666666665,96,306,01-01-1997,0,0,0,0,0,0,0,0,1,0,0,0,0,0,1,0,0,0,0
Mrs. Doubtfire (1993),3.4114583333333335,192,393,01-01-1993,0,0,0,0,0,1,0,0,0,0,0,0,0,0,0,0,0,0,0
Much Ado About Nothing (1993),4.0625,176,83,01-01-1993,0,0,0,0,0,1,0,0,0,0,0,0,0,0,1,0,0,0,0
Mulholland Falls (1996),2.8780487804878048,82,823,26-04-1996,0,0,0,0,0,0,1,0,0,0,1,0,0,0,0,0,1,0,0
Multiplicity (1996),2.8358208955223883,134,1047,12-07-1996,0,0,0,0,0,1,0,0,0,0,0,0,0,0,0,0,0,0,0
Muppet Treasure Island (1996),2.761904761904762,84,21,16-02-1996,0,1,1,0,0,1,0,0,0,0,0,0,1,0,0,0,1,0,0
Murder at 1600 (1997),3.0871559633027523,218,322,18-04-1997,0,0,0,0,0,0,0,0,0,0,0,0,0,1,0,0,1,0,0
Murder in the First (1995),3.6,60,939,01-01-1995,0,0,0,0,0,0,0,0,1,0,0,0,0,0,0,0,1,0,0
Muriel's Wedding (1994),3.55,100,381,01-01-1994,0,0,0,0,0,1,0,0,0,0,0,0,0,0,1,0,0,0,0
My Best Friend's Wedding (1997),3.36046511627907,172,255,20-06-1997,0,0,0,0,0,1,0,0,0,0,0,0,0,0,1,0,0,0,0
My Fair Lady (1964),3.816,125,485,01-01-1964,0,0,0,0,0,0,0,0,0,0,0,0,1,0,1,0,0,0,0
My Favorite Year (1982),3.532258064516129,62,414,01-01-1982,0,0,0,0,0,1,0,0,0,0,0,0,0,0,0,0,0,0,0
My Fellow Americans (1996),3.1627906976744184,86,864,20-12-1996,0,0,0,0,0,1,0,0,0,0,0,0,0,0,0,0,0,0,0
My Left Foot (1989),3.8512396694214877,121,509,01-01-1989,0,0,0,0,0,0,0,0,1,0,0,0,0,0,0,0,0,0,0
My Life as a Dog (Mitt liv som hund) (1985),3.978494623655914,93,529,01-01-1985,0,0,0,0,0,0,0,0,1,0,0,0,0,0,0,0,0,0,0
Mystery Science Theater 3000: The Movie (1996),3.4307692307692306,130,109,19-04-1996,0,0,0,0,0,1,0,0,0,0,0,0,0,0,0,1,0,0,0
Naked Gun 33 1/3: The Final Insult (1994),2.782608695652174,69,384,01-01-1994,0,0,0,0,0,1,0,0,0,0,0,0,0,0,0,0,0,0,0
Natural Born Killers (1994),2.953125,128,53,01-01-1994,0,1,0,0,0,0,0,0,0,0,0,0,0,0,0,0,1,0,0
Nell (1994),3.4814814814814814,81,729,01-01-1994,0,0,0,0,0,0,0,0,1,0,0,0,0,0,0,0,0,0,0
"Net, The (1995)",3.0083333333333333,120,38,01-01-1995,0,0,0,0,0,0,0,0,0,0,0,0,0,0,0,1,1,0,0
Night of the Living Dead (1968),3.421875,64,616,01-01-1968,0,0,0,0,0,0,0,0,0,0,0,1,0,0,0,1,0,0,0
"Nightmare Before Christmas, The (1993)",3.5874125874125875,143,91,01-01-1993,0,0,0,0,1,1,0,0,0,0,0,0,1,0,0,0,0,0,0
"Nightmare on Elm Street, A (1984)",3.171171171171171,111,219,01-01-1984,0,0,0,0,0,0,0,0,0,0,0,1,0,0,0,0,0,0,0
Nikita (La Femme Nikita) (1990),4.0078740157480315,127,198,01-01-1990,0,0,0,0,0,0,0,0,0,0,0,0,0,0,0,0,1,0,0
Nine Months (1995),2.9310344827586206,58,722,01-01-1995,0,0,0,0,0,1,0,0,0,0,0,0,0,0,0,0,0,0,0
Nixon (1995),3.1222222222222222,90,458,01-01-1995,0,0,0,0,0,0,0,0,1,0,0,0,0,0,0,0,0,0,0
North by Northwest (1959),4.284916201117318,179,480,01-01-1959,0,0,0,0,0,1,0,0,0,0,0,0,0,0,0,0,1,0,0
"Nosferatu (Nosferatu, eine Symphonie des Grauens) (1922)",3.5555555555555554,54,675,01-01-1922,0,0,0,0,0,0,0,0,0,0,0,1,0,0,0,0,0,0,0
Notorious (1946),4.115384615384615,52,489,01-01-1946,0,0,0,0,0,0,0,0,0,0,1,0,0,0,1,0,1,0,0
"Nutty Professor, The (1996)",2.914110429447853,163,411,28-06-1996,0,0,0,0,0,1,0,0,0,1,0,0,0,0,1,1,0,0,0
Old Yeller (1957),3.484375,64,416,01-01-1957,0,0,0,0,1,0,0,0,1,0,0,0,0,0,0,0,0,0,0
"Omen, The (1976)",3.388235294117647,85,448,01-01-1976,0,0,0,0,0,0,0,0,0,0,0,1,0,0,0,0,0,0,0
On Golden Pond (1981),3.556603773584906,106,162,01-01-1981,0,0,0,0,0,0,0,0,1,0,0,0,0,0,0,0,0,0,0
One Fine Day (1996),3.232142857142857,112,815,30-11-1996,0,0,0,0,0,0,0,0,1,0,0,0,0,0,1,0,0,0,0
One Flew Over the Cuckoo's Nest (1975),4.291666666666667,264,357,01-01-1975,0,0,0,0,0,0,0,0,1,0,0,0,0,0,0,0,0,0,0
Othello (1995),3.611111111111111,72,713,18-12-1995,0,0,0,0,0,0,0,0,1,0,0,0,0,0,0,0,0,0,0
Outbreak (1995),3.2403846153846154,104,54,01-01-1995,0,1,0,0,0,0,0,0,1,0,0,0,0,0,0,0,1,0,0
"Parent Trap, The (1961)",3.095890410958904,73,417,01-01-1961,0,0,0,0,1,0,0,0,1,0,0,0,0,0,0,0,0,0,0
Patton (1970),3.9926470588235294,136,205,01-01-1970,0,0,0,0,0,0,0,0,1,0,0,0,0,0,0,0,0,1,0
"Peacemaker, The (1997)",3.2720588235294117,136,879,01-01-1997,0,1,0,0,0,0,0,0,0,0,0,0,0,0,0,0,1,1,0
"People vs. Larry Flynt, The (1996)",3.5953488372093023,215,508,27-12-1996,0,0,0,0,0,0,0,0,1,0,0,0,0,0,0,0,0,0,0
"Phantom, The (1996)",2.575,80,826,07-06-1996,0,0,1,0,0,0,0,0,0,0,0,0,0,0,0,0,0,0,0
Phenomenon (1996),3.557377049180328,244,125,29-06-1996,0,0,0,0,0,0,0,0,1,0,0,0,0,0,1,0,0,0,0
Philadelphia (1993),3.854014598540146,137,735,01-01-1993,0,0,0,0,0,0,0,0,1,0,0,0,0,0,0,0,0,0,0
"Philadelphia Story, The (1940)",4.115384615384615,104,478,01-01-1940,0,0,0,0,0,1,0,0,0,0,0,0,0,0,1,0,0,0,0
"Piano, The (1993)",3.6011904761904763,168,582,01-01-1993,0,0,0,0,0,0,0,0,1,0,0,0,0,0,1,0,0,0,0
Picture Perfect (1997),2.962962962962963,81,873,01-08-1997,0,0,0,0,0,1,0,0,0,0,0,0,0,0,1,0,0,0,0
Pink Floyd - The Wall (1982),3.3508771929824563,114,214,01-01-1982,0,0,0,0,0,0,0,0,1,0,0,0,1,0,0,0,0,1,0
Pinocchio (1940),3.6732673267326734,101,404,01-01-1940,0,0,0,1,1,0,0,0,0,0,0,0,0,0,0,0,0,0,0
Platoon (1986),3.6929133858267718,127,157,01-01-1986,0,0,0,0,0,0,0,0,1,0,0,0,0,0,0,0,0,1,0
Pocahontas (1995),2.5294117647058822,51,542,01-01-1995,0,0,0,1,1,0,0,0,0,0,0,0,1,0,1,0,0,0,0
"Postino, Il (1994)",3.9672131147540983,183,14,01-01-1994,0,0,0,0,0,0,0,0,1,0,0,0,0,0,1,0,0,0,0
"Postman, The (1997)",3.2241379310344827,58,898,01-01-1997,0,0,0,0,0,0,0,0,1,0,0,0,0,0,0,0,0,0,0
"Preacher's Wife, The (1996)",2.926470588235294,68,934,13-12-1996,0,0,0,0,0,0,0,0,1,0,0,0,0,0,0,0,0,0,0
Pretty Woman (1990),3.323170731707317,164,739,01-01-1990,0,0,0,0,0,1,0,0,0,0,0,0,0,0,1,0,0,0,0
Primal Fear (1996),3.601123595505618,178,591,30-03-1996,0,0,0,0,0,0,0,0,1,0,0,0,0,0,0,0,1,0,0
"Princess Bride, The (1987)",4.172839506172839,324,173,01-01-1987,0,1,1,0,0,1,0,0,0,0,0,0,0,0,1,0,0,0,0
Private Benjamin (1980),2.955223880597015,67,167,01-01-1980,0,0,0,0,0,1,0,0,0,0,0,0,0,0,0,0,0,0,0
Private Parts (1997),3.53,100,1012,07-03-1997,0,0,0,0,0,1,0,0,1,0,0,0,0,0,0,0,0,0,0
"Professional, The (1994)",3.704697986577181,149,55,01-01-1994,0,0,0,0,0,0,1,0,1,0,0,0,0,0,1,0,1,0,0
Psycho (1960),4.100418410041841,239,185,01-01-1960,0,0,0,0,0,0,0,0,0,0,0,1,0,0,1,0,1,0,0
Pulp Fiction (1994),4.060913705583756,394,56,01-01-1994,0,0,0,0,0,0,1,0,1,0,0,0,0,0,0,0,0,0,0
Pump Up the Volume (1990),3.4177215189873418,79,658,01-01-1990,0,0,0,0,0,0,0,0,1,0,0,0,0,0,0,0,0,0,0
"Quiet Man, The (1952)",4.029850746268656,67,648,01-01-1952,0,0,0,0,0,1,0,0,0,0,0,0,0,0,1,0,0,0,0
Quiz Show (1994),3.645714285714286,175,58,01-01-1994,0,0,0,0,0,0,0,0,1,0,0,0,0,0,0,0,0,0,0
Raging Bull (1980),4.120689655172414,116,192,01-01-1980,0,0,0,0,0,0,0,0,1,0,0,0,0,0,0,0,0,0,0
Raiders of the Lost Ark (1981),4.252380952380952,420,174,01-01-1981,0,1,1,0,0,0,0,0,0,0,0,0,0,0,0,0,0,0,0
"Rainmaker, The (1997)",3.6,145,310,01-01-1997,0,0,0,0,0,0,0,0,1,0,0,0,0,0,0,0,0,0,0
Raise the Red Lantern (1991),4.155172413793103,58,923,01-01-1991,0,0,0,0,0,0,0,0,1,0,0,0,0,0,0,0,0,0,0
Raising Arizona (1987),3.875,256,238,01-01-1987,0,0,0,0,0,1,0,0,0,0,0,0,0,0,0,0,0,0,0
Ran (1985),4.1,70,647,01-01-1985,0,0,0,0,0,0,0,0,1,0,0,0,0,0,0,0,0,1,0
Ransom (1996),3.644194756554307,267,742,08-11-1996,0,0,0,0,0,0,0,0,1,0,0,0,0,0,0,0,1,0,0
Real Genius (1985),3.6638655462184873,119,746,01-01-1985,0,0,0,0,0,1,0,0,0,0,0,0,0,0,0,0,0,0,0
Reality Bites (1994),2.961038961038961,77,1074,01-01-1994,0,0,0,0,0,1,0,0,1,0,0,0,0,0,0,0,0,0,0
Rear Window (1954),4.3875598086124405,209,603,01-01-1954,0,0,0,0,0,0,0,0,0,0,0,0,0,1,0,0,1,0,0
Rebecca (1940),3.9696969696969697,66,607,01-01-1940,0,0,0,0,0,0,0,0,0,0,0,0,0,0,1,0,1,0,0
Rebel Without a Cause (1955),3.8555555555555556,90,506,01-01-1955,0,0,0,0,0,0,0,0,1,0,0,0,0,0,0,0,0,0,0
Red Corner (1997),3.3859649122807016,57,754,01-01-1997,0,0,0,0,0,0,1,0,0,0,0,0,0,0,0,0,1,0,0
Red Rock West (1992),3.5961538461538463,52,466,01-01-1992,0,0,0,0,0,0,0,0,0,0,0,0,0,0,0,0,1,0,0
"Ref, The (1994)",3.0344827586206895,58,85,01-01-1994,0,0,0,0,0,1,0,0,0,0,0,0,0,0,0,0,0,0,0
"Remains of the Day, The (1993)",3.94,150,86,01-01-1993,0,0,0,0,0,0,0,0,1,0,0,0,0,0,0,0,0,0,0
Reservoir Dogs (1992),3.9864864864864864,148,156,01-01-1992,0,0,0,0,0,0,1,0,0,0,0,0,0,0,0,0,1,0,0
Restoration (1995),3.464788732394366,71,277,01-01-1995,0,0,0,0,0,0,0,0,1,0,0,0,0,0,0,0,0,0,0
Return of the Jedi (1983),4.007889546351085,507,181,14-03-1997,0,1,1,0,0,0,0,0,0,0,0,0,0,0,1,1,0,1,0
"Return of the Pink Panther, The (1974)",3.5543478260869565,92,163,01-01-1974,0,0,0,0,0,1,0,0,0,0,0,0,0,0,0,0,0,0,0
Richard III (1995),3.831460674157303,89,10,22-01-1996,0,0,0,0,0,0,0,0,1,0,0,0,0,0,0,0,0,1,0
"Right Stuff, The (1983)",3.917197452229299,157,193,01-01-1983,0,0,0,0,0,0,0,0,1,0,0,0,0,0,0,0,0,0,0
"River Wild, The (1994)",3.143835616438356,146,281,01-01-1994,0,1,0,0,0,0,0,0,0,0,0,0,0,0,0,0,1,0,0
Rob Roy (1995),3.5652173913043477,92,549,01-01-1995,0,0,0,0,0,0,0,0,1,0,0,0,0,0,1,0,0,1,0
Robin Hood: Men in Tights (1993),2.5892857142857144,56,395,01-01-1993,0,0,0,0,0,1,0,0,0,0,0,0,0,0,0,0,0,0,0
Robin Hood: Prince of Thieves (1991),3.2266666666666666,75,627,01-01-1991,0,0,0,0,0,0,0,0,1,0,0,0,0,0,0,0,0,0,0
"Rock, The (1996)",3.693121693121693,378,117,07-06-1996,0,1,1,0,0,0,0,0,0,0,0,0,0,0,0,0,1,0,0
Roman Holiday (1953),4.102941176470588,68,487,01-01-1953,0,0,0,0,0,1,0,0,0,0,0,0,0,0,1,0,0,0,0
Romy and Michele's High School Reunion (1997),3.061224489795918,98,1014,25-04-1997,0,0,0,0,0,1,0,0,0,0,0,0,0,0,0,0,0,0,0
"Room with a View, A (1986)",3.985074626865672,134,213,01-01-1986,0,0,0,0,0,0,0,0,1,0,0,0,0,0,1,0,0,0,0
Rosencrantz and Guildenstern Are Dead (1990),3.888888888888889,90,652,01-01-1990,0,0,0,0,0,1,0,0,1,0,0,0,0,0,0,0,0,0,0
Rosewood (1997),3.6666666666666665,114,292,21-02-1997,0,0,0,0,0,0,0,0,1,0,0,0,0,0,0,0,0,0,0
Rudy (1993),3.3125,64,468,01-01-1993,0,0,0,0,0,0,0,0,1,0,0,0,0,0,0,0,0,0,0
Rumble in the Bronx (1995),3.4482758620689653,174,24,23-02-1996,0,1,1,0,0,0,1,0,0,0,0,0,0,0,0,0,0,0,0
Sabrina (1954),3.796875,64,486,01-01-1954,0,0,0,0,0,1,0,0,0,0,0,0,0,0,1,0,0,0,0
Sabrina (1995),3.5,190,274,01-01-1995,0,0,0,0,0,1,0,0,0,0,0,0,0,0,1,0,0,0,0
"Saint, The (1997)",3.1234177215189876,316,748,14-03-1997,0,1,0,0,0,0,0,0,0,0,0,0,0,0,1,0,1,0,0
"Santa Clause, The (1994)",3.097560975609756,82,63,01-01-1994,0,0,0,0,1,1,0,0,0,0,0,0,0,0,0,0,0,0,0
Schindler's List (1993),4.466442953020135,298,318,01-01-1993,0,0,0,0,0,0,0,0,1,0,0,0,0,0,0,0,0,1,0
Scream (1996),3.4414225941422596,478,288,20-12-1996,0,0,0,0,0,0,0,0,0,0,0,1,0,0,0,0,1,0,0
Scream 2 (1997),3.2169811320754715,106,895,01-01-1997,0,0,0,0,0,0,0,0,0,0,0,1,0,0,0,0,1,0,0
Searching for Bobby Fischer (1993),3.9057971014492754,138,87,01-01-1993,0,0,0,0,0,0,0,0,1,0,0,0,0,0,0,0,0,0,0
"Secret Garden, The (1993)",3.5443037974683542,79,584,01-01-1993,0,0,0,0,1,0,0,0,1,0,0,0,0,0,0,0,0,0,0
"Secret of Roan Inish, The (1994)",3.859154929577465,71,463,01-01-1994,0,0,1,0,0,0,0,0,0,0,0,0,0,0,0,0,0,0,0
Secrets & Lies (1996),4.265432098765432,162,285,04-10-1996,0,0,0,0,0,0,0,0,1,0,0,0,0,0,0,0,0,0,0
Sense and Sensibility (1995),4.0111940298507465,268,275,01-01-1995,0,0,0,0,0,0,0,0,1,0,0,0,0,0,1,0,0,0,0
Serial Mom (1994),2.814814814814815,54,396,01-01-1994,0,0,0,0,0,1,1,0,0,0,0,1,0,0,0,0,0,0,0
Seven (Se7en) (1995),3.847457627118644,236,11,01-01-1995,0,0,0,0,0,0,1,0,0,0,0,0,0,0,0,0,1,0,0
Seven Years in Tibet (1997),3.458064516129032,155,690,01-01-1997,0,0,0,0,0,0,0,0,1,0,0,0,0,0,0,0,0,1,0
"Seventh Seal, The (Sjunde inseglet, Det) (1957)",3.5416666666666665,72,650,01-01-1957,0,0,0,0,0,0,0,0,1,0,0,0,0,0,0,0,0,0,0
"Sex, Lies, and Videotape (1989)",3.4752475247524752,101,708,01-01-1989,0,0,0,0,0,0,0,0,1,0,0,0,0,0,0,0,0,0,0
Sgt. Bilko (1996),2.5675675675675675,74,105,29-03-1996,0,0,0,0,0,1,0,0,0,0,0,0,0,0,0,0,0,0,0
Shadowlands (1993),3.9358974358974357,78,736,01-01-1993,0,0,0,0,0,0,0,0,1,0,0,0,0,0,1,0,0,0,0
Shallow Grave (1994),3.8181818181818183,66,1073,01-01-1994,0,0,0,0,0,0,0,0,0,0,0,0,0,0,0,0,1,0,0
"Shawshank Redemption, The (1994)",4.445229681978798,283,64,01-01-1994,0,0,0,0,0,0,0,0,1,0,0,0,0,0,0,0,0,0,0
She's So Lovely (1997),2.7358490566037736,53,875,22-08-1997,0,0,0,0,0,0,0,0,1,0,0,0,0,0,1,0,0,0,0
She's the One (1996),3.0136986301369864,73,1048,23-08-1996,0,0,0,0,0,1,0,0,0,0,0,0,0,0,1,0,0,0,0
Shine (1996),3.9224806201550386,129,531,22-11-1996,0,0,0,0,0,0,0,0,1,0,0,0,0,0,1,0,0,0,0
"Shining, The (1980)",3.825242718446602,206,200,01-01-1980,0,0,0,0,0,0,0,0,0,0,0,1,0,0,0,0,0,0,0
Short Cuts (1993),3.7761194029850746,67,469,01-01-1993,0,0,0,0,0,0,0,0,1,0,0,0,0,0,0,0,0,0,0
"Silence of the Lambs, The (1991)",4.28974358974359,390,98,01-01-1991,0,0,0,0,0,0,0,0,1,0,0,0,0,0,0,0,1,0,0
Singin' in the Rain (1952),3.9927007299270074,137,705,01-01-1952,0,0,0,0,0,0,0,0,0,0,0,0,1,0,1,0,0,0,0
Sirens (1994),2.983050847457627,59,737,01-01-1994,0,0,0,0,0,1,0,0,1,0,0,0,0,0,0,0,0,0,0
Six Degrees of Separation (1993),3.77027027027027,74,1101,01-01-1993,0,0,0,0,0,0,0,0,1,0,0,0,0,1,0,0,0,0,0
Sleeper (1973),3.6341463414634148,82,152,01-01-1973,0,0,0,0,0,1,0,0,0,0,0,0,0,0,0,1,0,0,0
Sleepers (1996),3.514792899408284,169,628,18-10-1996,0,0,0,0,0,0,1,0,1,0,0,0,0,0,0,0,0,0,0
Sleepless in Seattle (1993),3.539906103286385,213,88,01-01-1993,0,0,0,0,0,1,0,0,0,0,0,0,0,0,1,0,0,0,0
Sling Blade (1996),4.198529411764706,136,223,22-11-1996,0,0,0,0,0,0,0,0,1,0,0,0,0,0,0,0,1,0,0
Smoke (1995),3.6216216216216215,74,461,01-01-1995,0,0,0,0,0,0,0,0,1,0,0,0,0,0,0,0,0,0,0
Sneakers (1992),3.513333333333333,150,239,01-01-1992,0,0,0,0,0,0,1,0,1,0,0,0,0,0,0,1,0,0,0
Snow White and the Seven Dwarfs (1937),3.7093023255813953,172,99,01-01-1937,0,0,0,1,1,0,0,0,0,0,0,0,1,0,0,0,0,0,0
So I Married an Axe Murderer (1993),3.0526315789473686,95,90,01-01-1993,0,0,0,0,0,1,0,0,0,0,0,0,0,0,1,0,1,0,0
Some Kind of Wonderful (1987),3.6610169491525424,59,1119,01-01-1987,0,0,0,0,0,0,0,0,1,0,0,0,0,0,1,0,0,0,0
Some Like It Hot (1959),3.984375,128,482,01-01-1959,0,0,0,0,0,1,1,0,0,0,0,0,0,0,0,0,0,0,0
Somewhere in Time (1980),3.426829268292683,82,662,01-01-1980,0,0,0,0,0,0,0,0,1,0,0,0,0,0,1,0,0,0,0
Sophie's Choice (1982),3.896551724137931,58,632,01-01-1982,0,0,0,0,0,0,0,0,1,0,0,0,0,0,0,0,0,0,0
Soul Food (1997),3.169491525423729,59,880,01-01-1997,0,0,0,0,0,0,0,0,1,0,0,0,0,0,0,0,0,0,0
"Sound of Music, The (1965)",3.765765765765766,222,143,01-01-1965,0,0,0,0,0,0,0,0,0,0,0,0,1,0,0,0,0,0,0
Space Jam (1996),2.774193548387097,93,820,15-11-1996,0,0,1,1,1,1,0,0,0,1,0,0,0,0,0,0,0,0,0
Spawn (1997),2.6153846153846154,143,358,01-08-1997,0,1,1,0,0,0,0,0,0,0,0,0,0,0,0,1,1,0,0
Speed (1994),3.6478260869565218,230,568,01-01-1994,0,1,0,0,0,0,0,0,0,0,0,0,0,0,1,0,1,0,0
"Spitfire Grill, The (1996)",3.804123711340206,97,126,06-09-1996,0,0,0,0,0,0,0,0,1,0,0,0,0,0,0,0,0,0,0
Stand by Me (1986),3.881057268722467,227,655,01-01-1986,0,0,1,0,0,1,0,0,1,0,0,0,0,0,0,0,0,0,0
Star Trek III: The Search for Spock (1984),3.111111111111111,171,229,01-01-1984,0,1,1,0,0,0,0,0,0,0,0,0,0,0,0,1,0,0,0
Star Trek IV: The Voyage Home (1986),3.4472361809045227,199,230,01-01-1986,0,1,1,0,0,0,0,0,0,0,0,0,0,0,0,1,0,0,0
Star Trek V: The Final Frontier (1989),2.3968253968253967,63,450,01-01-1989,0,1,1,0,0,0,0,0,0,0,0,0,0,0,0,1,0,0,0
Star Trek VI: The Undiscovered Country (1991),3.279503105590062,161,227,01-01-1991,0,1,1,0,0,0,0,0,0,0,0,0,0,0,0,1,0,0,0
Star Trek: First Contact (1996),3.66027397260274,365,222,22-11-1996,0,1,1,0,0,0,0,0,0,0,0,0,0,0,0,1,0,0,0
Star Trek: Generations (1994),3.336206896551724,116,380,01-01-1994,0,1,1,0,0,0,0,0,0,0,0,0,0,0,0,1,0,0,0
Star Trek: The Motion Picture (1979),3.034188034188034,117,449,01-01-1979,0,1,1,0,0,0,0,0,0,0,0,0,0,0,0,1,0,0,0
Star Trek: The Wrath of Khan (1982),3.8155737704918034,244,228,01-01-1982,0,1,1,0,0,0,0,0,0,0,0,0,0,0,0,1,0,0,0
Star Wars (1977),4.3584905660377355,583,50,01-01-1977,0,1,1,0,0,0,0,0,0,0,0,0,0,0,1,1,0,1,0
Stargate (1994),3.141732283464567,127,62,01-01-1994,0,1,1,0,0,0,0,0,0,0,0,0,0,0,0,1,0,0,0
Starship Troopers (1997),3.2322274881516586,211,271,01-01-1997,0,1,1,0,0,0,0,0,0,0,0,0,0,0,0,1,0,1,0
Stealing Beauty (1996),3.375,64,1009,14-06-1996,0,0,0,0,0,0,0,0,1,0,0,0,0,0,0,0,0,0,0
"Sting, The (1973)",4.058091286307054,241,194,01-01-1973,0,0,0,0,0,1,1,0,0,0,0,0,0,0,0,0,0,0,0
Strange Days (1995),3.264367816091954,87,39,01-01-1995,0,1,0,0,0,0,1,0,0,0,0,0,0,0,0,1,0,0,0
"Streetcar Named Desire, A (1951)",3.816326530612245,98,507,01-01-1951,0,0,0,0,0,0,0,0,1,0,0,0,0,0,0,0,0,0,0
Strictly Ballroom (1992),4.028846153846154,104,709,01-01-1992,0,0,0,0,0,1,0,0,0,0,0,0,0,0,1,0,0,0,0
Striptease (1996),2.2388059701492535,67,120,28-06-1996,0,0,0,0,0,1,1,0,0,0,0,0,0,0,0,0,0,0,0
Sunset Blvd. (1950),4.2,65,488,01-01-1950,0,0,0,0,0,0,0,0,0,0,1,0,0,0,0,0,0,0,0
Supercop (1992),3.5384615384615383,65,128,26-07-1996,0,1,0,0,0,0,0,0,0,0,0,0,0,0,0,0,1,0,0
Swingers (1996),3.828025477707006,157,150,18-10-1996,0,0,0,0,0,1,0,0,1,0,0,0,0,0,0,0,0,0,0
"Sword in the Stone, The (1963)",3.3292682926829267,82,625,01-01-1963,0,0,0,1,1,0,0,0,0,0,0,0,0,0,0,0,0,0,0
Tales from the Crypt Presents: Bordello of Blood (1996),2.6363636363636362,55,413,19-07-1996,0,0,0,0,0,0,0,0,0,0,0,1,0,0,0,0,0,0,0
Taxi Driver (1976),4.1208791208791204,182,23,16-02-1996,0,0,0,0,0,0,0,0,1,0,0,0,0,0,0,0,1,0,0
Terminator 2: Judgment Day (1991),4.0067796610169495,295,96,01-01-1991,0,1,0,0,0,0,0,0,0,0,0,0,0,0,0,1,1,0,0
"Terminator, The (1984)",3.9335548172757475,301,195,01-01-1984,0,1,0,0,0,0,0,0,0,0,0,0,0,0,0,1,1,0,0
That Thing You Do! (1996),3.465909090909091,176,845,28-09-1996,0,0,0,0,0,1,0,0,0,0,0,0,0,0,0,0,0,0,0
"Thin Man, The (1934)",4.15,60,493,01-01-1934,0,0,0,0,0,0,0,0,0,0,0,0,0,1,0,0,0,0,0
Things to Do in Denver when You're Dead (1995),3.1549295774647885,71,544,02-02-1996,0,0,0,0,0,0,1,0,1,0,0,0,0,0,1,0,0,0,0
"Third Man, The (1949)",4.333333333333333,72,513,01-01-1949,0,0,0,0,0,0,0,0,0,0,0,0,0,1,0,0,1,0,0
This Is Spinal Tap (1984),3.905759162303665,191,209,01-01-1984,0,0,0,0,0,1,0,0,1,0,0,0,1,0,0,0,0,0,0
Three Colors: Blue (1993),4.015625,64,60,01-01-1993,0,0,0,0,0,0,0,0,1,0,0,0,0,0,0,0,0,0,0
Three Colors: Red (1994),4.0602409638554215,83,59,01-01-1994,0,0,0,0,0,0,0,0,1,0,0,0,0,0,0,0,0,0,0
Three Colors: White (1994),3.864406779661017,59,61,01-01-1994,0,0,0,0,0,0,0,0,1,0,0,0,0,0,0,0,0,0,0
"Three Musketeers, The (1993)",3.303370786516854,89,399,01-01-1993,0,1,1,0,0,1,0,0,0,0,0,0,0,0,0,0,0,0,0
"Time to Kill, A (1996)",3.685344827586207,232,282,13-07-1996,0,0,0,0,0,0,0,0,1,0,0,0,0,0,0,0,0,0,0
Tin Cup (1996),3.160621761658031,193,284,16-08-1996,0,0,0,0,0,1,0,0,0,0,0,0,0,0,1,0,0,0,0
Tin Men (1987),3.0784313725490198,51,712,01-01-1987,0,0,0,0,0,1,0,0,1,0,0,0,0,0,0,0,0,0,0
Titanic (1997),4.2457142857142856,350,313,01-01-1997,0,1,0,0,0,0,0,0,1,0,0,0,0,0,1,0,0,0,0
To Die For (1995),3.2758620689655173,87,715,01-01-1995,0,0,0,0,0,1,0,0,1,0,0,0,0,0,0,0,0,0,0
To Kill a Mockingbird (1962),4.292237442922374,219,427,01-01-1962,0,0,0,0,0,0,0,0,1,0,0,0,0,0,0,0,0,0,0
"To Wong Foo, Thanks for Everything! Julie Newmar (1995)",2.8947368421052633,57,40,01-01-1995,0,0,0,0,0,1,0,0,0,0,0,0,0,0,0,0,0,0,0
Tombstone (1993),3.6666666666666665,108,470,01-01-1993,0,0,0,0,0,0,0,0,0,0,0,0,0,0,0,0,0,0,1
Tommy Boy (1995),2.909090909090909,66,790,01-01-1995,0,0,0,0,0,1,0,0,0,0,0,0,0,0,0,0,0,0,0
Tomorrow Never Dies (1997),3.4277777777777776,180,751,01-01-1997,0,1,0,0,0,0,0,0,0,0,0,0,0,0,1,0,1,0,0
Top Gun (1986),3.481818181818182,220,161,01-01-1986,0,1,0,0,0,0,0,0,0,0,0,0,0,0,1,0,0,0,0
Toy Story (1995),3.8783185840707963,452,1,01-01-1995,0,0,0,1,1,1,0,0,0,0,0,0,0,0,0,0,0,0,0
Trainspotting (1996),3.884,250,475,19-07-1996,0,0,0,0,0,0,0,0,1,0,0,0,0,0,0,0,0,0,0
"Treasure of the Sierra Madre, The (1948)",4.1,80,519,01-01-1948,0,0,1,0,0,0,0,0,0,0,0,0,0,0,0,0,0,0,0
True Lies (1994),3.5625,208,385,01-01-1994,0,1,1,0,0,1,0,0,0,0,0,0,0,0,1,0,0,0,0
True Romance (1993),3.6153846153846154,104,92,01-01-1993,0,1,0,0,0,0,1,0,0,0,0,0,0,0,1,0,0,0,0
"Truth About Cats & Dogs, The (1996)",3.485294117647059,272,111,26-04-1996,0,0,0,0,0,1,0,0,0,0,0,0,0,0,1,0,0,0,0
Twelve Monkeys (1995),3.798469387755102,392,7,01-01-1995,0,0,0,0,0,0,0,0,1,0,0,0,0,0,0,1,0,0,0
Twister (1996),3.2150170648464163,293,118,10-05-1996,0,1,1,0,0,0,0,0,0,0,0,0,0,0,0,0,1,0,0
U Turn (1997),3.359375,64,334,01-01-1997,0,1,0,0,0,0,1,0,0,0,0,0,0,1,0,0,0,0,0
Ulee's Gold (1997),3.760869565217391,184,297,01-01-1997,0,0,0,0,0,0,0,0,1,0,0,0,0,0,0,0,0,0,0
"Unbearable Lightness of Being, The (1988)",3.4565217391304346,92,212,01-01-1988,0,0,0,0,0,0,0,0,1,0,0,0,0,0,0,0,0,0,0
Under Siege (1992),3.2903225806451615,124,233,01-01-1992,0,1,0,0,0,0,0,0,0,0,0,0,0,0,0,0,0,0,0
Unforgiven (1992),3.868131868131868,182,203,01-01-1992,0,0,0,0,0,0,0,0,0,0,0,0,0,0,0,0,0,0,1
Up Close and Personal (1996),3.1882352941176473,85,280,01-03-1996,0,0,0,0,0,0,0,0,1,0,0,0,0,0,1,0,0,0,0
"Usual Suspects, The (1995)",4.385767790262173,267,12,14-08-1995,0,0,0,0,0,0,1,0,0,0,0,0,0,0,0,0,1,0,0
Vegas Vacation (1997),2.4,75,871,14-02-1997,0,0,0,0,0,1,0,0,0,0,0,0,0,0,0,0,0,0,0
Vertigo (1958),4.251396648044692,179,479,01-01-1958,0,0,0,0,0,0,0,0,0,0,0,0,0,1,0,0,1,0,0
"Very Brady Sequel, A (1996)",2.3978494623655915,93,412,23-08-1996,0,0,0,0,0,1,0,0,0,0,0,0,0,0,0,0,0,0,0
Victor/Victoria (1982),3.3376623376623376,77,629,01-01-1982,0,0,0,0,0,1,0,0,0,0,0,0,1,0,0,0,0,0,0
Volcano (1997),2.808219178082192,219,678,25-04-1997,0,0,0,0,0,0,0,0,1,0,0,0,0,0,0,0,1,0,0
Wag the Dog (1997),3.510948905109489,137,347,09-01-1998,0,0,0,0,0,1,0,0,1,0,0,0,0,0,0,0,0,0,0
"Walk in the Clouds, A (1995)",3.2857142857142856,63,553,01-01-1995,0,0,0,0,0,0,0,0,1,0,0,0,0,0,1,0,0,0,0
Wallace & Gromit: The Best of Aardman Animation (1996),4.447761194029851,67,114,05-04-1996,0,0,0,1,0,0,0,0,0,0,0,0,0,0,0,0,0,0,0
Waterworld (1995),2.803921568627451,102,554,01-01-1995,0,1,1,0,0,0,0,0,0,0,0,0,0,0,0,0,0,0,0
"Wedding Singer, The (1998)",3.486111111111111,72,354,13-02-1998,0,0,0,0,0,1,0,0,0,0,0,0,0,0,1,0,0,0,0
Weekend at Bernie's (1989),2.6166666666666667,60,158,01-01-1989,0,0,0,0,0,1,0,0,0,0,0,0,0,0,0,0,0,0,0
Welcome to the Dollhouse (1995),3.7232142857142856,112,93,24-05-1996,0,0,0,0,0,1,0,0,1,0,0,0,0,0,0,0,0,0,0
What's Eating Gilbert Grape (1993),3.5391304347826087,115,65,01-01-1993,0,0,0,0,0,1,0,0,1,0,0,0,0,0,0,0,0,0,0
When Harry Met Sally... (1989),3.910344827586207,290,216,01-01-1989,0,0,0,0,0,1,0,0,0,0,0,0,0,0,1,0,0,0,0
While You Were Sleeping (1995),3.549382716049383,162,66,01-01-1995,0,0,0,0,0,1,0,0,0,0,0,0,0,0,1,0,0,0,0
White Squall (1996),3.4,85,924,01-01-1996,0,0,1,0,0,0,0,0,1,0,0,0,0,0,0,0,0,0,0
William Shakespeare's Romeo and Juliet (1996),3.5943396226415096,106,421,25-10-1996,0,0,0,0,0,0,0,0,1,0,0,0,0,0,1,0,0,0,0
Willy Wonka and the Chocolate Factory (1971),3.6319018404907975,326,151,01-01-1971,0,0,1,0,1,1,0,0,0,0,0,0,0,0,0,0,0,0,0
Wings of Desire (1987),4.0,57,512,01-01-1987,0,0,0,0,0,1,0,0,1,0,0,0,0,0,1,0,0,0,0
"Wings of the Dove, The (1997)",3.68,75,311,01-01-1997,0,0,0,0,0,0,0,0,1,0,0,0,0,0,1,0,1,0,0
Winnie the Pooh and the Blustery Day (1968),3.8,75,969,01-01-1968,0,0,0,1,1,0,0,0,0,0,0,0,0,0,0,0,0,0,0
"Wizard of Oz, The (1939)",4.0772357723577235,246,132,01-01-1939,0,0,1,0,1,0,0,0,1,0,0,0,1,0,0,0,0,0,0
Wolf (1994),2.701492537313433,67,569,01-01-1994,0,0,0,0,0,0,0,0,1,0,0,1,0,0,0,0,0,0,0
"Wrong Trousers, The (1993)",4.466101694915254,118,169,01-01-1993,0,0,0,1,0,1,0,0,0,0,0,0,0,0,0,0,0,0,0
Young Frankenstein (1974),3.945,200,208,01-01-1974,0,0,0,0,0,1,0,0,0,0,0,1,0,0,0,0,0,0,0
Young Guns (1988),3.207920792079208,101,232,01-01-1988,0,1,0,0,0,1,0,0,0,0,0,0,0,0,0,0,0,0,1
